Nombre,Descripci√≥n,Tags,IMG
Pogo,"Equipa ‚è±Ô∏èa ""Pogo"". Puedes lanzarlo ‚è±Ô∏èen un rango de hasta 4, pudiendo rebotar en las paredes.
Luego, crea un charco de √°cido de 5x5 por 3 ‚åõ. Estar sobre el √°rea quita -25 üíî en los turnos 1 y 2, y 100 üíî en el ‚åõ 3.
Luego de perder a Pogo, se recarga luego de un descanso corto.
100 ACT üîã.","area, 1 mano",
V√©rtigo,"Equipa ‚è±Ô∏è a ""V√©rtigo"". Puedes lanzarlo ‚è±Ô∏è por los aires en un rango de hasta 4 de rango, pudiendo rebotar en las paredes y en el piso. 
Luego, este dispara baba a los enemigos en su campo de visi√≥n aplicando ""ceguera"" por 2 ‚åõ, y luego es destruido.
Se puede hacer una tirada de DES de 5 para responder hacia V√©rtigo mientras est√° en el aire.
Los enemigos pueden intentar reaccionar y hacerle da√±o con una tirada de Velocidad de reacci√≥n superior a 50.
V√©rtigo tiene 10 ‚ô•Ô∏è y 50 EVA.
Si es destruido, se convierte en un orbe que solo puede tocar el usuario y ser recogido por el.
Puede volver a usarse luego de 10 ‚åõ si es recogido.
Luego de perder a v√©rtigo, se recarga luego de un descanso corto.
100 ACT üîã","debuff, ceguera, 1 mano",
Carnalito,"Equipa ‚è±Ô∏è a ""Carnalito"". Puedes colocarlo ‚è±Ô∏è en en una casilla adyacente y puede enviarlo a:
* Acci√≥n: Realiza la acci√≥n indicada en el punto se√±alado.
* Ataque: Si en el recorrido ve a un objetivo, lo seguir√° indefinidamente hasta estar a 2 ‚¨õ de √©l e infligirle ""aturdir"" por 2 ‚åõ.
Carnalito tiene 80 ‚ô•Ô∏è, 6 üëü y 60 EVA.
Al concluir su orden enviada es destruido.
Si es destruido, se convierte en un orbe que solo puede tocar el usuario y ser recogido por √©l. 
Luego de recoger a Carnalito, puede volver a usarse luego de 10 ‚åõ.
60 ACTüîã","minion, 1 mano",
Paliza,"Equipa ‚è±Ô∏è a ‚ÄúPaliza‚Äù. Puedes colocarlo ‚è±Ô∏è en una casilla adyacente y controlarlo como si fuera un personaje durante 2 ‚åõ. Mientras se controla, el usuario no puede realizar otras acciones y su punto de vista cambia al de ‚ÄúPaliza‚Äù.
Paliza tiene 200 ‚ô•Ô∏è y 8 üëü. Puede elegir explotar en cualquier momento, generando en un √°rea circular de 6x6 ‚¨õ que inflige aturdir por 3 ‚åõ a todos los que esten en el √°rea. Explota autom√°ticamente si es destruido. Luego de ser destru√≠do el usuario tiene -1 ‚è∞ para su proxima acci√≥n o reacci√≥n.
Al ser destruido, se transforma en un orbe que √∫nicamente el usuario puede tocar y recoger. 
Luego de recoger a Paliza, puede volver a usarse luego de 10 ‚åõ
100 ESP","ulti, debuff, minon, 1 mano",
Recoger de Gekko,"Recoge un orbe de ""V√©rtigo"", ""Carnalito"""" y ""Paliza"" al estar encima de el.
Toma un  turno. Se puede cancelar en cualquier momento y da -1 ‚è±Ô∏è a la siguiente acci√≥n.
10 ACT",2 manos,
,,,
Por eso joven,"Elige obetivos en un √°rea 5x5 para llamar su atenci√≥n y ser atacado por ellos con prioridad.
Tira INT o SAG con +5, y los objetivos compiten con INT o SAG. Si la tirada del usuario es mayor: Los objetivos son obligados a priorizar atacar al usuario por sobre los dem√°s durante 2 ‚åõ.
50 ACT",,
No hubo heridos,"Dispara en un rango de 5 que hace 5 DMG. Tira D10:
10-8: Realiza 5 disparos.
7-5: Realiza 4 disparos.
4-2: Realiza 3 disparos.
La precisi√≥n es la misma para todos los disparos.
100 ETK",ataque f√≠sico,
Como un periodista desaparecido,"Prende en llamas al usuario sin herirlo. Da +5 ATK al siguiente ataque f√≠sico.
Cada que realices un ataque tira D10: 
10-9: Provoca ""quemadura"" al siguiente ataque f√≠sico.
2-1: Tira de nuevo
100 ETK",buff,
Toque el√©ctrico,"Toca a un objetivo a 1 de rango con el Taser e Inflinge el estado ""par√°lisis"". 
Tira una moneda:
Cara: El estado se propaga a los enemigos adyacentes.
100 EAC
Necesita: Taser","debuff, contacto",
Calmante pl√°stico,"Cada que recibas da√±o tira:
10: El DMG se reduce en 15 y empuja al atacante 1 casilla.
9-4: El DMG se reduce en 5.
Necesita: Escudo antidisturbios",Pasiva,
Qu√≠tese a la verga,"Elige un objetivo en un rango de 10 y corre hacia el empujando todo lo que se encuentre en su camino. Todo aquel que sea empujado debe superar una tirada de fuerza contra la FZA del usuario +5. Si no supera la tirada es empujado a un lado y recibe 15 üíî.
El objetivo es empujado 4 casillas y recibe 40 de DMG.
El usuario compite con FZA +5 contra la FZA o CON del objetivo. Si el usuario gana la competencia, los puntos de diferencia se suman al n√∫mero de casillas, y por cada punto de diferencia se aumenta en 10 al DMG. Si la diferencia es mayor a 5, el objetivo obtiene ""Aturdido"" por 1 turno.
100 ESS","ulti, ataque f√≠sico",
ESS de Mini,"Recibe un medidor de Estamina Especial.
Recibe 5 PT por turno.
Recibe 10 PT por cada 20 DMG recibido.
Recibe 10 PT por cada 40 DMG hecho.",,
,,,
Corte furtivo,"Da un corte al objetivo a 1 de rango.
Tira D10:
10: 40 DMG
9-6: 30 DMG
5-1: 10 DMG
Si es por la espalda, la tirada se convierte en un 10.
ETK: 100","ataque f√≠sico, corto alcance",
Invisibilidad,"Recibe un medidor de Estamina de invisibilidad de 100.
El usuario se hace invisible y se mantiene as√≠ mientras mantenga la estamina.
Recupera 50 de estamina por turno y no es invisible.
Pierde estamina mientras es invisible y camina (10 por casilla) recorrida y por turno (50).
Puede dejar de ser invisible en cualquier momento. Cuando deja de ser invisible recibe -1 REAC. 
100 EAC",,
Toque venenoso,"Toca a un objetivo a 1 de rango. Usa la tirada de PRE:
+70: Inflinge ""veneno"" al objetivo.
60 EAC","debuff, corto alcance",
Lanzamiento de daga,"Lanza 1 daga a un objetivo a un rango de 7.
Tira D10:
10: 20 DMG
9-6: 15 DMG
5-1: 10 DMG",,
Examinaci√≥n cr√≠tica,"Tira INT o DST +5:
+10: Garantiza que el siguiente ataque sea un cr√≠tico. No podr√° realizar acciones hasta 1 turno despu√©s. 
60 EAC",buff,
Flowering night,"Lanza 10 dagas a 5 objetivos.
Tira D10 para el DMG de cada daga: Hace 5xTR.
Tiene +15 üéØ. 
100 ESS",ulti,
ESS de Proto,"Recibe un medidor de Estamina Especial.
Recibe 5 PT por turno.
Recibe 10 PT por cada 40 DMG recibido.
Recibe 10 PT por cada 20 DMG hecho.",,
Paso enemigo,"Mientras el usuario se encuentre al lado de un enemigo, obtiene üëü 3 pasos m√°s. Al alejarse pierde esos 2 mismos pasos.",pasiva,
,,,
Resplandor agresivo,"Da un fuerte resplandor √°rea de 3  de ancho. Hace 15 üíî.
Tira INT:
10: Hace -25 DMG y da -25 PRE por una ronda.
9-6: Hace -15 DMG.
5-1: Hace -10 DMG.
100 ETK","ataque m√°gico, debuff, √°rea, corto alcance",
Oraci√≥n de sanaci√≥n,"Elige un objetivo en un rango de 5x5 para curarlo. Tira D10:
10 - 8: Cura 30 ‚ô•Ô∏è
7 - 3: Cura 20 ‚ô•Ô∏è
2 - 1: Cura 10 ‚ô•Ô∏è
Antes de gastar la actividad, puede gastar m√°s EAC: por cada 10 de estamina, da +1 a la tirada.
50 EAC","cura, voz",
Barrera,"Elige un objetivo en un √°rea 5x5. Este recibe un escudo igual al resultado de la tirada de un üé≤ 10:
10 - 8: 30 de escudo extra por una ronda
7 - 3: 20 de escudo extra por una ronda
2 - 1: 10 de escudo extra por una ronda
Antes de gastar la actividad, se puede elegir gastar m√°s EAC: por cada 10 de EAC, da +1 a la tirada.
50 EAC","buff, voz",
Perd√≥n divino,"Elige un objetivo en un √°rea 9x9 para protegerlo. Durante una ronda, si un ataque fuera a por acabar con √©l, lo deja con 10 de vida. Volver a usar la habilidad sin un turno de descanso hace que el EAC a gastar aumente en 25.
EAC: 50",buff,
Revivir muertos,"Elige a un objetivo que haya muerto en el √∫ltimo turno. Revivelo y controlalo c√≥mo un personaje m√°s. Mientra el usuario lo controle, no puede realizar m√°s acciones y su punto de vista cambia al del revivido.
100 ESS",Ulti,
ESS de Sash,"Recibe un medidor de Estamina Especial.
Recibe 5 PT por turno.
Recibe 10 PT por cada 40 DMG evitado por el usuario.
Recibe 10 PT por cada 20 DMG hecho.",Estamina,
Energ√≠a revitalizante,Una vez por turno tira un D10 antes de gastar EAC. Recupera tanta EAC como la TRx10 sin superar la EAC a usar.,Pasiva,
,,,
,,,
,,,
,,,
,,,
,,,
,,,
,,,
,,,
Purificaci√≥n personal,"Elige un objetivo en un rango de 5x5. Si va a ser alcanzado por un estado, este tira un D10:
 10 - 6: El estado es cancelado
 El objetivo puede elegir gastar +10 de estamina de actividad para aumentar en 1 a la tirada.
EAC: 50","buff, protecci√≥n",
,,,
Paso aliado,"Mientras el usuario se encuentre al lado de un aliado, obtiene üëü 3 pasos m√°s. Al alejarse pierde esos 3 mismos pasos.",pasiva,
Paso comunitario,"Mientras el usuario se encuentre al lado de un objetivo, obtiene üëü 3 pasos m√°s. Al alejarse pierde esos 3 mismos pasos.",pasiva,
Enganche movil,"El usuario lanza un ""gancho"" a un objetivo, para luego moverlo a un n√∫mero de casillas igual a su destreza o fuerza.
Si el objetivo tiene una destreza, fuerza o constituci√≥n superior a la fuerza del usuario, ambos hacen una competencia de la caracter√≠stica elegida.
Act: 60","actividad, herramienta",
,,,
,,,
,,,
,,,
,,,
,,,
Rendezvous,"343 Coloca una ancla de teletransporte con 10 ‚ô•Ô∏è en un rango de 6 casillas.
 La ancla se puede quitar y volver a colocar luego de 3 turnos. 
 El usuario puede teletransportarse al ancla en cualquier momento.
 Si fuera a ser alcanzado por un efecto y se teletransporta, tira un D10:
 5-10: Se teletransporta antes de ser alcanzado.
 1-4: Recibe el efecto y luego es teletransportado.
 A la tirada se suma su reacci√≥n.
 Luego de usarse, no se puede volver a teletransportar hasta luego de 10 turnos.
 Si la ancla es destruida no se podr√° usar hasta luego de un descanso corto.",teletransporte,
Marca registrada,"Coloca un sensor de 10 de ‚ô•Ô∏è! en una casilla en un rango de 3 casillas.
Cuando un enemigo visible entre en su rango de 3 casillas, lanza un rayo que crea un √°rea 3x3 al rededor del objetivo que al tocarla hace se duplique la cantidad de pasos necesaria a pasar por ella, durando 3 turnos.
El disparo tiene una velocidad de reacci√≥n de 6. Tiene +3 de ocultaci√≥n en caso se oculte.",,
Cazacabezas,"Equipa con +1 de velocidad de equipamiento a la ""Cazacabezas"".",,
Tour de Force,"Equipa con +1 de velocidad de equipamiento a la ""Tour de Force"".",,
Cable trampa,"Coloca un ficha (10‚ô•Ô∏è) que se puede pegar a las superficies en un rango de 3 casillas. Luego de una reacci√≥n, la ficha lanzar√° otra otra ficha en direcci√≥n contraria, con un rango de hasta 6, creando un cable de electricidad entre las dos fichas, obteniendo el cable y las fichas el estado ""camuflado"".
Si el enemigo camina hacia una casilla adyacente al cable, podr√° verlo.
Si un enemigo toca el cable, tiene hacer una tirada de reacci√≥n para dispararle

Si un enemigo toca un cable, una reacci√≥n despu√©s este recibe:
- 5 de da√±o
- 50 de precisi√≥n
- El estado ""revelado"" por 2 turnos
- Pierde 1 paso",,
,,,
Golpe,"Golpea a un objetivo aun a casilla. Tira un D10:
10: Hace x2 ATK üíî
2-9: Hace x1 ATK üíî
100 ETK",,
Ara√±azo,"Tira un D10:
10: Hace x2 ATK üíî
2-9: Hace x1 ATK üíî
100 ETK",,
Rebote,"Todos en un rango de 1 casilla del usuario tiran CON:
7-4: Es empujado 2 casillas.
3-1: Es empujado 3 casillas",,
Disparo,"Dispara con rango de 5 casillas. Al golpear tira un D10:
10: Hace x2 ATK üíî
2-9: Hace x1 ATK üíî
100 ETK",,
Disparo en cruz,"Da 4 disparos en cruz, con rango de 5 casillas. Al golpear tira un D10:
10: Hace x2 ATK üíî
2-9: Hace x1 ATK üíî
100 ETK",,
Disparo √°cido,"Dispara con rango de 5 casillas creando un charco de √°cido que hace X1 ATM.
100 ETK",,
Vuelo 1,Vuela a 1 casilla sobre el suelo.,,
Brinco,"Salta hacia un objetivo a 3 casillas. Tira un D10 y resta la AGI del objetivo:
10-9: Hace x2 ATK üíî
3-8: Hace x1 ATK üíî
100 ETK, 30 PAS",,
Embestida explosiva,"Corre hacia un objetivo y tira un D10:
10-2: Explota en un √°rea 3x3 haciendo x1 ATM. El usuario muere. Si el usuario muere por esto no deja recompensas. A la precisi√≥n suma su PAS.
1: Esto no puede volver a utilizarse.
100 ETK",,
Golpe grupal de Colmena,"Golpea a un objetivo aun a casilla. Tira un D10:
10: Hace da√±o equivalente a la vida restante x1.5 üíî
2-9: Hace da√±o equivalente a la vida restante x1 üíî
100 ETK",,
Recuperaci√≥n de Colemna,Recupera 10 HP cada 3 turnos.,,
Enrredar de Sogast,"Salta sobre un objetivo y lo deja ""Enrredado"": No puede usar acciones con los brazos excepto ""Desenrredar"": Termina el estado ""Enrreadado"" y el turno. Si el objetivo ya ten√≠a este estado recibe ""Enrreado II"": No puede usar acciones con los brazos y piernas.",,
Posesi√≥n de Agarrilini Lapalini,Controla a un personaje. El objetivo ahora usa esto como un arma (Golpe) para atacar al aliado con m√°s M. Cuando el usuario te,,
Golpe de Agarrilini Lapalini,"Tira:
10: Hace 80 DMG y roba 10 M.
9-4: Hace 30 DMG y roba 3 DMG.
El M puede ser robado de la recompensa dada en caso no tenga M.
Si el objetivo no tiene M, no le hace da√±o.",,
Golpe de Polvorant,,,
Explosi√≥n de Polvorant,,,
,,,
,,,
Rebote,Hace 10 üíî.,,
,,,
Beber botella,"Al tener una botella de cerveza en la mano:
Da 20 HP que dura 3 turnos. Tiene 3 usos por botella.",pasiva,
Lanzar botella,Lanza esto al objetivo en un rango de 5. Hace 25 DMG.,,
Seguro botella,"Si el usuario recibe una tirada de ataque de 5, la botella recibe el da√±o en su lugar y se rompe.",,
Golpe con botella,"El primer golpe hace 10 DMG. Luego, el da√±o aumenta en 20.",,
,,,
Ritual de holll√≠n,Crea un √°rea 3x3 desde donde se uso. Los ataques hechos en esta √°rea reciben -20 PRE.,,
T√≥tem de ceniza,"Crea un tot√©m que recibe da√±o en lugar del usuario. Si recibe m√°s de 20 DMG, desaparece.",,
Golpe de p√≥lvora,"Hace 10 DMG. Si el objetivo despu√©s de este ataque recibe es afectado por fuego, este recibe 20 DMG extra.",,
Aliento negro,Escupe polvo da√±ino creando un √°rea 3x3 por 3 turnos que hace 10 DMG al estar en ella.,,
,,,
Discurso de promesas,Confunde a los enemigos en un rango de 5x5.,,
Soborno,"Gasta 5 M y se lo da a un aliado, sus ataques aumentan en 20 DMG por 5 turnos.",,
Desembolse,Golpea a un objetivo en un rango de 1. Tira un D10: Hace TRx5 y roba TR M del objetivo. Si el objetivo no tiene M no recibe da√±o. ,,
Mano negra,"Tira un D10:
10-9: Roba un consumible enemigo al azar y lo usa en el mismo turno.",,
,,,
Inversi√≥n dudosa,"Tira un D10:
10-6: Gana 5 M. Se cura 10 HP.
5-1: Pierde 5 M. Gana 10 DMG para sus pr√≥ximos ataques.",,
Evaporar activos,Se hace invisible por un turno hasta que realice una acci√≥n.,,
Mini inflaci√≥n,"En un rango de 5x5, el pago de M se duplica para los enemigos.",,
Recesi√≥n,Las habilidades y objetos que requieran M no pueden usarse por 1 turno.,,
,,,
Disparo teledirigido,Dispara un proyectil en un rango de 12 hacia un objetivo. El disparo puede ajustar su direcci√≥n 1 casilla a los lados hacia el objetivo.,,
Muerte mutua,"Al morir, tambi√©n muere aquel que lo mat√≥.",,
Sello de muerte,"Al morir, deja sellado un objeto pasivo o activo del que lo mat√≠.",,
,,,
Reacci√≥n de 7,"Al recibir un ataque con una tirada de 7, usa su ataque principal.",,
Curaci√≥n de 7,"Al recibir un ataque con una tirada de 7, se cura 10 HP.",,
,,,
,,,
,,,
Porrazo,"Pega a un objetivo a 1 de rango. Tira:
10: Hace 30 DMG y da Contusi√≥n
9-4: Hace 20 DMG.
3-1: Hace 10 DMG y quita 30 pasos.",,
Pistolazo,"Dispara a un enemigo en un rango de 10-2: TIra un D10:
10: Hace 30 DMG.
9-5: Hace 20 DMG.
4-1: Hace 15 DMG.",,
,,,
Palabras desesperanzadoras,"En un rango de 5x5, las tiradas de ataque de enemigos tienen -2.",,
Iluminaci√≥n,Elige a un objetivo en un de 5. Su pr√≥xima tirada de ataque tiene +2.,,
L√°tigo de castigo,"Golpea a distancia a un objetivo en un rango de 3. Tira:
10: Hace 30 DMG.
9-5: Hace 15 DMG.
4-1: Hace 10 DMG.",,
Expiaci√≥n,Transfiere el da√±o hasta un m√°ximo de 50 recibido en el √∫ltimo turno a un aliado.,,
,,,
Tr√°mite,"Elige un objetivo en un rango de 3. Este tira INT:
5: Pierde un turno",,
Muro de documentos,Crea un muro de 3x1 en un rango de 3. El muro tiene 10 HP.,,
Oficio duplicado,Elige un objetivo en un rango de 5 que haya sido utilizada en la √∫ltima ronda. El usuario imita el movimiento.,,
Sello fuerte,Golpea a un objetivo a 1 de rango. El objetivo no puede usar una habilidad aleatoria por 1 ronda.,,
,,,
Legado de los ca√≠dos,"Cuando un aliado muere, esto gana su habilidad hasta morir.",,
,,,
,,,
Sigilo aereo,"Lanza a ""Manta"" al aire y salta hacia ella, escondi√©ndose en su interior, pudiendo moverse con ella en el aire. Puede permanecer en la Manta hasta el inicio de la siguiente ronda y salir en cualquier momento. Al salir de la Manta el usuario recibe -1 REAC.
Al finalizar, desciende y se coloca debajo de la capa. Mientras est√© dentro de la Manta tiene +95 üéØ y si es golpeada el usuario sale de ella.
100 EAC",,
Examinaci√≥n cr√≠tica,"Tira INT o DST +5:
+10: Garantiza que el siguiente ataque sea un cr√≠tico. No podr√° realizar acciones hasta 1 turno despu√©s. 
60 EAC",,
Apoyo pac√≠fico,"Usa toda su ETK y recibe +100 de EAC extra por 1 turno.
ETK: 100","buff, estamina de actividad",
,,,
Lanzar telara√±a,"Dispara una telara√±a en un rango de 5.
Si cae al piso, crea una casilla que al moverse a trav√©s de ella cuesta el doble de EPA.
Si dispara a alguien tiene 75 PRE, al afectado moverse le cuesta el doble de EPA, puede usar 50 EAC para quitarse la telara√±a.",,
,,,
Evasi√≥n especial,"Al ser atacado con un rango decenas de X evade el ataque.
Es una pasiva.",,
,,,
Vuelo 1,"Vuelta a una altura de 1 del suelo.
Es una pasiva. ",,
,,,
Robo especial,Al recibir un golpe roba X M del atacante.,,
,,,
Evasi√≥n aliada de Evastone,Los aliados tienen +10 EVA. cuando un monstruo muera esto muere.,,